,neck_x,neck_y,Lshoulder_x,Lshoulder_y,Lhip_x,Lhip_y,Lknee_x,Lknee_y,label
0,210,62,210,60,204,156,194,234,stand
1,206,64,202,62,190,158,192,232,stand
2,212,66,212,64,196,154,190,232,stand
3,214,66,218,64,200,156,192,234,stand
4,214,64,216,62,202,158,194,232,stand
5,212,64,208,62,194,158,194,236,stand
6,206,64,204,62,192,158,190,234,stand
7,204,66,204,62,194,158,192,232,stand
8,212,64,212,62,198,156,194,236,stand
9,210,70,218,64,202,158,194,236,stand
10,204,64,200,62,192,158,192,232,stand
11,212,66,212,64,196,154,192,234,stand
12,214,64,212,62,198,156,194,236,stand
13,204,64,200,62,214,160,186,232,stand
14,208,62,210,60,204,156,198,230,stand
15,212,64,210,62,200,158,190,234,stand
16,212,64,210,62,196,156,192,234,stand
17,208,62,208,60,202,158,188,234,stand
18,210,64,212,62,194,158,190,234,stand
19,218,64,212,62,200,154,192,232,stand
20,212,64,212,62,196,154,192,234,stand
21,206,64,208,62,196,156,188,234,stand
22,208,64,206,62,196,162,190,236,stand
23,212,66,216,62,200,158,190,234,stand
24,210,62,210,60,204,156,194,234,stand
25,210,64,210,60,204,156,198,236,stand
26,216,68,220,66,198,156,190,234,stand
27,216,68,220,66,196,156,192,234,stand
28,216,64,214,62,200,156,192,234,stand
29,208,64,208,60,202,156,196,234,stand
30,210,68,214,64,200,156,192,234,stand
31,210,64,210,60,202,156,192,232,stand
32,212,64,212,62,200,158,194,234,stand
33,212,66,214,64,200,158,190,234,stand
34,216,62,214,62,204,160,194,236,stand
35,212,62,210,60,200,156,194,234,stand
36,208,64,210,62,198,156,190,234,stand
37,212,60,212,60,202,154,194,234,stand
38,196,70,194,70,224,168,182,234,stand
39,210,64,214,62,202,156,194,232,stand
40,218,62,216,62,202,156,194,234,stand
41,208,64,208,60,198,156,190,232,stand
42,212,62,214,60,202,156,190,234,stand
43,214,64,214,62,198,158,194,236,stand
44,208,68,212,64,194,158,188,234,stand
45,212,60,210,60,202,156,192,234,stand
46,206,68,210,64,196,158,192,236,stand
47,212,64,208,62,194,158,190,234,stand
48,214,66,216,62,202,156,194,234,stand
49,212,62,210,60,202,156,190,234,stand
50,210,64,212,62,202,154,194,234,stand
51,204,62,208,58,210,158,196,234,stand
52,208,62,206,60,202,158,186,234,stand
53,210,64,210,62,202,154,196,234,stand
54,208,66,212,62,200,158,192,232,stand
55,216,62,216,60,208,156,198,236,stand
56,210,64,216,62,202,154,194,230,stand
57,214,62,218,58,208,158,198,234,stand
58,210,60,206,58,202,156,194,232,stand
59,214,62,212,62,200,156,190,234,stand
60,216,64,218,62,202,158,194,234,stand
61,212,64,210,60,198,156,190,232,stand
62,208,62,206,60,202,158,186,234,stand
63,214,66,214,64,196,156,190,234,stand
64,212,64,210,62,198,156,192,232,stand
65,212,62,212,60,200,154,192,234,stand
66,212,64,216,60,208,156,198,234,stand
67,200,64,198,64,218,164,184,234,stand
68,210,64,208,62,202,158,186,230,stand
69,212,62,210,60,200,156,194,234,stand
70,214,68,220,64,202,156,192,236,stand
71,210,64,212,62,200,154,194,234,stand
72,208,64,206,62,194,158,190,230,stand
73,204,64,206,62,196,160,188,234,stand
74,208,68,214,64,196,158,188,234,stand
75,210,62,210,60,206,156,196,232,stand
76,212,64,208,62,194,156,190,234,stand
77,210,64,210,62,194,156,190,234,stand
78,204,64,208,58,208,158,194,234,stand
79,208,64,206,60,200,158,192,234,stand
80,214,60,214,60,202,154,192,234,stand
81,208,64,206,62,194,156,190,230,stand
82,210,68,214,64,198,158,192,234,stand
83,208,62,204,60,198,158,192,232,stand
84,208,62,208,60,200,158,188,234,stand
85,212,60,210,60,202,156,194,234,stand
86,214,60,212,60,204,158,196,236,stand
87,216,64,218,60,206,156,194,234,stand
88,208,62,210,58,208,156,198,232,stand
89,206,62,208,60,204,156,196,234,stand
90,210,64,212,62,198,154,190,230,stand
91,218,66,214,64,192,160,188,234,stand
92,212,62,212,60,202,154,192,232,stand
93,212,66,216,62,202,156,190,234,stand
94,210,64,210,60,200,156,190,232,stand
95,210,64,206,62,194,156,190,232,stand
96,214,68,216,66,198,156,188,232,stand
97,202,66,208,60,196,154,190,230,stand
98,210,68,212,64,202,158,192,236,stand
99,204,64,208,58,210,158,196,234,stand
100,206,62,204,60,198,158,192,234,stand
101,214,64,212,62,196,160,188,232,stand
102,212,64,212,62,198,158,192,232,stand
103,210,62,208,60,202,156,192,232,stand
104,208,60,210,58,202,154,192,230,stand
105,212,64,212,62,196,156,188,236,stand
106,210,62,212,62,198,154,190,232,stand
107,216,64,218,62,202,158,192,232,stand
108,206,68,212,64,196,158,186,234,stand
109,212,64,208,62,202,160,194,236,stand
110,210,64,208,60,200,156,192,232,stand
111,214,68,220,66,200,154,192,234,stand
112,208,68,212,64,194,158,186,234,stand
113,206,64,204,64,192,158,190,234,stand
114,212,62,214,62,202,156,192,232,stand
115,208,64,206,62,196,162,190,236,stand
116,214,66,218,62,200,156,190,232,stand
117,210,64,208,62,196,156,190,232,stand
118,202,66,208,60,196,154,190,230,stand
119,216,64,216,62,202,156,194,232,stand
120,214,64,216,60,206,156,192,232,stand
121,214,62,208,60,198,158,190,230,stand
122,208,68,212,64,194,158,188,234,stand
123,210,66,216,62,200,156,194,234,stand
124,216,62,214,62,200,156,190,234,stand
125,216,64,214,62,202,156,192,232,stand
126,206,70,214,64,198,160,186,236,stand
127,212,64,208,62,194,156,192,234,stand
128,210,64,206,62,194,154,190,232,stand
129,218,66,214,64,192,160,188,232,stand
130,214,64,216,62,202,158,194,234,stand
131,204,64,208,60,202,158,188,234,stand
132,212,60,212,56,212,158,194,232,stand
133,212,64,208,62,194,158,194,236,stand
134,204,64,206,62,196,158,188,234,stand
135,208,62,210,60,202,156,192,232,stand
136,208,64,208,62,196,156,194,236,stand
137,216,62,218,60,206,156,194,234,stand
138,208,62,208,60,198,156,186,234,stand
139,216,66,212,64,196,156,192,234,stand
140,208,68,212,64,196,158,194,234,stand
141,210,66,212,62,196,158,190,234,stand
142,214,62,214,62,202,156,192,232,stand
143,212,66,212,62,198,158,194,236,stand
144,206,62,206,60,206,156,192,234,stand
145,210,66,212,64,194,158,188,234,stand
146,214,64,216,62,202,160,192,236,stand
147,214,66,212,64,196,156,194,236,stand
148,210,68,212,64,204,160,192,234,stand
149,202,64,206,60,196,158,188,232,stand
150,214,68,220,66,198,156,192,234,stand
151,208,64,210,60,202,156,192,232,stand
152,210,68,214,64,198,160,192,234,stand
153,208,66,214,62,204,158,192,232,stand
154,210,66,212,62,202,156,196,234,stand
155,208,64,210,64,198,158,190,232,stand
156,212,62,208,60,200,154,188,232,stand
157,212,64,210,62,194,158,194,236,stand
158,210,62,210,60,204,158,194,236,stand
159,216,62,212,60,198,156,192,236,stand
160,214,64,214,62,200,156,192,234,stand
161,210,64,212,62,202,154,194,234,stand
162,204,64,206,62,196,158,188,232,stand
163,212,64,208,62,194,158,190,234,stand
164,216,66,212,64,196,156,194,236,stand
165,206,64,204,62,194,156,192,232,stand
166,214,60,212,60,202,154,192,234,stand
167,216,62,214,62,202,156,192,232,stand
168,208,64,208,60,198,158,190,234,stand
169,210,62,210,60,202,156,194,234,stand
170,216,68,220,66,196,156,192,234,stand
171,206,64,206,62,194,158,190,234,stand
172,208,66,212,62,200,158,192,232,stand
173,216,66,212,64,196,156,192,234,stand
174,208,62,206,60,198,156,190,234,stand
175,214,66,214,64,196,158,192,234,stand
176,204,64,204,62,190,158,192,232,stand
177,214,68,220,64,202,156,192,236,stand
178,210,62,208,60,204,156,194,234,stand
179,212,64,214,62,200,156,194,232,stand
180,214,68,220,66,198,156,192,234,stand
181,210,62,212,60,202,156,192,230,stand
182,214,62,212,60,200,156,192,232,stand
183,214,62,212,60,200,156,192,234,stand
184,218,62,214,60,200,154,192,232,stand
185,216,62,216,60,208,156,198,234,stand
186,208,62,210,60,198,162,192,236,stand
187,214,64,212,64,196,154,192,234,stand
188,202,64,204,60,198,156,188,232,stand
189,218,64,214,62,200,154,192,232,stand
190,212,64,214,60,200,154,194,232,stand
191,208,62,208,60,202,158,192,232,stand
192,212,64,212,64,196,154,192,234,stand
193,206,64,206,62,192,158,190,234,stand
194,214,62,212,62,200,156,192,232,stand
195,206,62,204,60,198,158,190,234,stand
196,214,64,218,62,202,160,190,234,stand
197,212,64,210,60,196,156,190,232,stand
198,212,62,210,60,202,154,190,234,stand
199,210,68,212,64,202,158,192,236,stand
200,208,62,206,60,208,158,188,234,stand
201,206,70,212,66,198,158,194,234,stand
202,214,62,216,60,208,156,198,234,stand
203,212,64,210,62,194,158,192,232,stand
204,206,64,206,60,198,158,192,234,stand
205,210,64,206,62,194,156,190,230,stand
206,214,62,216,60,208,156,198,234,stand
207,212,64,210,62,194,158,194,236,stand
208,206,68,210,64,196,158,192,236,stand
209,208,64,206,60,200,158,192,234,stand
210,208,66,212,62,208,158,192,234,stand
211,210,68,214,64,198,160,192,236,stand
212,206,66,202,62,190,158,192,232,stand
213,216,64,218,60,206,156,194,234,stand
214,212,64,210,62,202,158,194,236,stand
215,204,64,208,58,210,158,196,234,stand
216,216,68,216,66,198,156,190,234,stand
217,208,62,210,62,200,156,188,232,stand
218,214,68,216,66,198,156,188,232,stand
219,214,60,212,60,204,156,194,236,stand
220,216,62,216,60,208,156,198,236,stand
221,216,66,214,64,196,154,190,232,stand
222,204,64,202,62,190,158,192,232,stand
223,206,62,208,60,200,156,188,232,stand
224,216,68,220,66,196,156,192,234,stand
225,216,64,218,62,202,158,192,232,stand
226,218,66,216,64,194,160,188,234,stand
227,214,62,216,60,208,156,198,234,stand
228,214,66,218,64,198,158,192,234,stand
229,194,76,190,76,226,172,176,236,stand
230,208,60,206,60,204,156,194,232,stand
231,208,62,206,60,204,156,196,234,stand
232,208,64,210,62,196,156,186,234,stand
233,210,66,212,62,200,156,194,234,stand
234,186,138,178,140,242,222,166,242,stand
235,214,60,216,58,208,156,198,232,stand
236,210,64,208,62,194,154,190,230,stand
237,208,68,212,64,194,158,188,234,stand
238,216,66,214,66,196,154,188,232,stand
239,216,66,218,64,198,156,190,232,stand
240,210,64,210,62,200,156,196,234,stand
241,214,62,214,62,202,156,192,232,stand
242,206,64,202,62,190,158,192,234,stand
243,210,68,212,64,196,154,190,232,stand
244,208,68,212,66,196,158,194,234,stand
245,208,64,208,62,196,156,194,236,stand
246,210,66,214,64,200,156,192,232,stand
247,210,64,210,62,202,156,198,234,stand
248,210,64,212,62,196,156,188,236,stand
249,204,66,202,62,192,158,192,230,stand
250,216,60,216,60,206,156,192,232,stand
251,206,64,206,62,192,158,190,234,stand
252,212,64,210,62,202,158,194,234,stand
253,210,70,220,64,202,158,188,232,stand
254,214,66,212,64,196,158,192,234,stand
255,216,62,216,60,204,160,194,236,stand
256,212,64,210,62,196,154,192,234,stand
257,214,62,210,60,200,154,190,234,stand
258,188,124,182,124,238,210,166,242,stand
259,210,64,206,62,196,156,190,232,stand
260,206,64,208,62,200,156,188,232,stand
261,208,68,212,64,204,160,192,234,stand
262,208,62,210,58,206,156,198,232,stand
263,210,64,210,62,200,154,196,234,stand
264,210,64,208,62,196,156,190,232,stand
265,208,66,212,62,208,160,192,234,stand
266,218,64,216,62,200,156,192,232,stand
267,212,64,212,62,196,156,190,232,stand
268,210,64,210,62,202,156,192,234,stand
269,204,66,204,62,190,158,192,232,stand
270,210,64,206,60,196,156,192,234,stand
271,210,64,208,62,198,156,190,232,stand
272,216,66,220,66,198,154,190,234,stand
273,216,62,214,60,204,158,190,232,stand
274,212,62,210,60,206,158,194,232,stand
275,212,60,210,60,202,156,192,234,stand
276,210,66,212,64,196,154,190,234,stand
277,210,62,212,62,198,154,190,232,stand
278,208,62,208,60,202,158,192,232,stand
279,214,62,216,62,202,156,190,234,stand
280,216,62,214,62,204,160,194,236,stand
281,208,62,206,60,196,160,192,236,stand
282,210,66,210,62,200,156,196,234,stand
283,212,60,210,60,202,158,194,234,stand
284,206,64,204,62,192,158,192,232,stand
285,206,64,204,62,192,158,192,232,stand
286,212,64,210,62,202,158,194,234,stand
287,216,62,214,60,204,158,194,234,stand
288,210,64,208,62,194,158,190,234,stand
289,210,66,214,62,202,158,190,232,stand
290,216,66,220,64,198,156,192,236,stand
291,216,64,216,62,202,156,194,232,stand
292,212,64,212,60,200,156,192,234,stand
293,208,62,208,60,204,156,190,232,stand
294,212,64,208,62,194,156,190,234,stand
295,206,62,210,60,200,156,186,234,stand
296,210,64,210,62,200,156,196,234,stand
297,210,66,212,60,204,158,190,232,stand
298,214,62,208,60,198,158,190,230,stand
299,208,58,208,56,204,154,192,230,stand
300,212,60,210,60,202,156,192,234,stand
301,208,64,208,60,196,156,190,232,stand
302,214,64,210,62,196,158,188,232,stand
303,212,66,218,62,204,156,190,230,stand
304,212,60,208,60,202,156,188,234,stand
305,216,68,214,66,198,156,188,232,stand
306,214,62,214,60,206,160,194,234,stand
307,212,62,206,60,198,158,190,232,stand
308,214,64,214,60,206,160,194,234,stand
309,216,64,210,62,194,158,190,232,stand
310,216,62,216,58,206,156,198,234,stand
311,204,64,202,62,192,158,192,232,stand
312,214,64,212,64,196,154,192,234,stand
313,214,64,210,62,198,158,188,232,stand
314,212,64,210,60,194,158,192,234,stand
315,208,62,208,60,204,156,190,232,stand
316,206,64,208,62,196,158,190,234,stand
317,208,62,208,62,198,156,188,234,stand
318,206,64,210,62,198,158,190,232,stand
319,202,64,200,62,194,156,192,228,stand
320,210,64,210,62,202,158,198,236,stand
321,206,62,208,58,208,158,200,234,stand
322,214,68,220,66,198,154,192,234,stand
323,210,60,210,60,202,156,194,234,stand
324,212,62,208,60,200,156,194,234,stand
325,212,64,208,62,202,160,194,236,stand
326,212,62,210,62,202,156,194,234,stand
327,212,62,208,60,200,156,194,234,stand
328,206,70,214,64,206,158,192,234,stand
329,188,128,180,130,240,212,166,242,stand
330,210,62,206,60,198,156,192,234,stand
331,188,132,180,134,242,218,166,242,stand
332,206,66,210,64,196,158,192,236,stand
333,208,58,208,56,204,154,192,230,stand
334,210,70,220,64,202,158,188,232,stand
335,218,66,216,64,194,160,188,232,stand
336,204,64,206,60,198,158,194,232,stand
337,210,64,210,62,202,158,194,234,stand
338,214,60,212,60,204,158,194,236,stand
339,210,64,214,60,204,156,190,232,stand
340,216,64,212,62,194,158,190,232,stand
341,208,62,208,60,196,160,192,234,stand
342,214,66,212,62,198,158,192,234,stand
343,208,62,206,60,198,152,188,232,stand
344,210,64,210,62,200,154,196,234,stand
345,208,60,206,58,206,154,194,234,stand
346,210,64,210,60,200,156,192,232,stand
347,210,60,206,60,200,156,194,232,stand
348,208,64,208,60,196,156,190,232,stand
349,216,68,220,66,196,156,190,234,stand
350,214,66,212,64,196,158,194,234,stand
351,210,64,210,62,200,156,196,234,stand
352,208,62,208,60,200,156,188,234,stand
353,214,64,218,60,202,156,194,232,stand
354,210,68,212,64,196,154,190,232,stand
355,214,58,214,56,210,156,196,232,stand
356,208,62,208,62,196,156,190,232,stand
357,212,64,210,60,194,158,192,234,stand
358,212,66,212,64,196,158,190,232,stand
359,216,64,216,62,202,156,194,232,stand
360,208,62,206,60,196,152,190,232,stand
361,212,62,210,62,202,156,194,234,stand
362,214,66,218,62,200,160,190,234,stand
363,212,62,212,60,200,154,192,234,stand
364,208,64,208,60,196,156,190,232,stand
365,214,62,212,60,200,156,192,232,stand
366,214,68,220,66,198,156,192,234,stand
367,208,62,204,58,200,158,192,232,stand
368,208,68,214,64,198,160,188,236,stand
369,210,64,216,62,202,154,194,230,stand
370,214,62,212,60,200,156,192,234,stand
371,206,66,210,64,196,158,192,234,stand
372,212,64,208,60,198,158,190,230,stand
373,212,64,206,62,194,156,190,234,stand
374,210,64,206,62,196,156,192,234,stand
375,216,66,220,64,200,156,194,234,stand
376,210,64,208,62,194,154,190,230,stand
377,212,62,210,60,206,158,194,232,stand
378,216,64,214,62,202,156,192,232,stand
379,210,64,206,62,194,156,190,232,stand
380,208,64,206,62,194,158,190,234,stand
381,208,64,210,60,204,156,194,234,stand
382,208,62,206,60,196,162,190,236,stand
383,206,62,206,60,206,156,192,234,stand
384,212,62,212,60,200,154,192,234,stand
385,214,64,212,62,200,158,192,232,stand
386,210,66,216,60,204,156,190,232,stand
387,212,60,212,60,204,156,190,234,stand
388,210,66,212,62,196,158,190,234,stand
389,212,64,208,62,196,156,190,234,stand
390,212,62,210,60,200,156,190,234,stand
391,210,64,210,62,194,156,190,234,stand
392,204,64,208,60,202,158,188,234,stand
393,206,64,204,62,192,158,190,234,stand
394,212,64,210,62,202,158,194,234,stand
395,208,70,218,64,202,158,194,236,stand
396,206,66,204,64,192,158,190,234,stand
397,212,66,214,64,200,158,188,232,stand
398,218,66,214,64,194,160,188,234,stand
399,210,64,208,62,194,154,192,234,stand
400,210,60,206,58,200,156,188,232,stand
401,210,62,208,60,208,156,192,234,stand
402,208,62,210,60,204,156,198,230,stand
403,214,62,212,60,204,158,194,236,stand
404,210,64,208,62,194,154,192,232,stand
405,214,60,212,60,204,158,194,236,stand
406,216,66,214,64,198,154,190,234,stand
407,208,62,206,60,198,158,192,234,stand
408,214,64,212,62,196,158,192,234,stand
409,214,66,216,62,204,158,190,236,stand
410,208,66,208,62,206,160,188,236,stand
411,210,60,208,60,202,156,190,234,stand
412,214,62,210,62,200,154,190,234,stand
413,208,64,210,62,198,156,190,232,stand
414,186,146,180,148,242,228,168,244,stand
415,214,62,212,60,204,158,194,236,stand
416,210,68,214,64,196,160,194,236,stand
417,216,62,212,62,200,156,190,234,stand
418,216,64,214,62,202,158,190,234,stand
419,212,62,214,60,208,160,194,234,stand
420,196,72,192,70,224,170,180,236,stand
421,216,64,212,62,192,158,188,232,stand
422,206,62,206,58,206,156,196,232,stand
423,214,64,212,62,196,158,192,232,stand
424,218,66,214,64,192,160,188,232,stand
425,210,62,208,62,194,154,192,234,stand
426,206,62,206,60,206,154,194,232,stand
427,214,60,212,60,200,156,190,234,stand
428,210,62,210,60,204,156,198,234,stand
429,208,62,206,60,198,152,188,232,stand
430,214,62,212,60,200,154,190,234,stand
431,210,68,212,64,202,158,192,234,stand
432,210,62,208,60,204,158,194,232,stand
433,208,62,206,60,196,162,190,236,stand
434,206,64,206,62,192,158,190,234,stand
435,216,66,220,64,198,156,192,234,stand
436,188,124,182,124,238,210,166,242,stand
437,216,64,218,60,206,156,194,234,stand
438,212,66,212,64,200,158,190,234,stand
439,208,62,208,60,196,154,190,232,stand
440,212,64,208,62,194,156,192,234,stand
441,210,68,212,64,204,160,192,234,stand
442,206,64,208,62,200,156,188,232,stand
443,208,68,210,64,196,158,192,236,stand
444,214,66,218,62,202,158,190,234,stand
445,204,64,206,60,200,156,192,232,stand
446,208,64,206,62,192,158,190,234,stand
447,206,64,202,62,190,158,192,234,stand
448,210,68,214,64,202,158,192,234,stand
449,216,62,218,60,206,156,194,234,stand
450,208,64,206,62,192,158,190,234,stand
451,202,66,206,62,196,160,188,234,stand
452,204,66,208,62,196,158,190,234,stand
453,210,62,208,62,194,154,190,232,stand
454,206,64,206,60,200,156,192,232,stand
455,210,68,214,64,198,158,192,234,stand
456,212,62,212,60,202,154,194,234,stand
457,212,62,210,60,200,154,192,234,stand
458,216,64,216,60,202,156,194,234,stand
459,206,68,210,64,196,158,192,236,stand
460,216,66,220,64,198,154,192,234,stand
461,210,64,210,62,194,154,192,234,stand
462,214,64,216,62,202,156,190,234,stand
463,212,62,208,62,202,156,194,234,stand
464,208,62,208,60,196,160,192,234,stand
465,210,62,208,60,200,156,190,232,stand
466,206,64,204,62,196,156,192,232,stand
467,206,64,204,62,190,158,190,234,stand
468,204,64,204,62,192,158,188,234,stand
469,212,64,210,62,200,158,190,234,stand
470,208,60,208,58,206,160,194,232,stand
471,210,64,210,62,200,156,196,234,stand
472,208,68,214,64,196,158,188,236,stand
473,210,64,210,62,200,156,192,234,stand
474,212,62,212,60,202,156,192,232,stand
475,214,66,212,64,198,158,194,236,stand
476,206,62,208,58,210,158,194,232,stand
477,214,66,216,62,204,158,190,236,stand
478,208,62,210,62,200,156,188,232,stand
479,210,66,216,62,200,156,194,232,stand
480,210,62,210,60,204,158,194,234,stand
481,210,68,214,64,200,156,192,232,stand
482,210,58,208,56,206,156,194,232,stand
483,212,62,212,60,208,160,194,234,stand
484,206,62,204,62,212,162,186,234,stand
485,198,68,196,66,220,164,182,234,stand
486,212,64,208,62,194,156,190,234,stand
487,216,62,218,60,208,156,192,232,stand
488,212,60,212,58,204,154,190,234,stand
489,210,60,210,60,204,156,194,234,stand
490,210,64,208,62,198,156,190,232,stand
491,210,64,208,62,198,156,190,232,stand
492,216,66,220,64,198,156,192,236,stand
493,212,64,212,64,196,154,192,234,stand
494,212,64,206,62,194,156,190,234,stand
495,210,62,208,62,202,158,194,236,stand
496,212,66,212,64,196,154,190,232,stand
497,214,60,212,60,204,158,194,234,stand
498,206,62,204,62,196,156,192,232,stand
499,210,66,210,62,204,160,190,236,stand
500,208,62,206,60,200,156,188,234,stand
501,212,64,216,60,208,156,198,234,stand
502,212,66,212,64,200,158,188,232,stand
503,212,64,208,62,200,158,188,232,stand
504,214,62,216,60,208,156,198,234,stand
505,210,64,206,62,194,156,192,234,stand
506,216,64,212,62,194,160,188,234,stand
507,212,66,212,64,196,154,190,232,stand
508,210,60,206,60,202,160,186,234,stand
509,204,64,204,62,192,158,192,236,stand
510,204,64,206,62,196,158,188,232,stand
511,210,60,208,58,204,156,194,234,stand
512,208,60,208,58,208,156,194,234,stand
513,204,64,210,60,204,158,194,232,stand
514,210,64,208,60,200,158,194,234,stand
515,208,62,210,60,202,156,192,232,stand
516,214,66,218,64,200,158,194,234,stand
517,212,62,212,60,200,156,192,234,stand
518,216,68,220,66,198,156,190,234,stand
519,212,66,212,64,200,158,188,232,stand
520,206,64,206,60,196,156,192,232,stand
521,210,64,210,62,194,158,190,234,stand
522,206,68,210,64,196,158,192,236,stand
523,216,68,220,66,198,156,192,236,stand
524,212,60,214,56,212,156,194,232,stand
525,216,64,216,60,202,156,194,234,stand
526,218,64,214,62,202,158,192,234,stand
527,216,66,218,62,200,156,190,234,stand
528,210,62,204,60,196,158,192,234,stand
529,212,66,218,62,204,156,190,230,stand
530,210,64,210,62,194,156,190,234,stand
531,216,64,218,62,202,156,194,232,stand
532,214,60,210,60,202,156,190,234,stand
533,214,64,214,62,198,156,194,236,stand
534,210,62,210,60,206,158,188,232,stand
535,212,64,210,62,194,156,192,234,stand
536,206,64,206,60,196,162,192,234,stand
537,208,64,206,62,192,158,190,234,stand
538,212,60,212,56,212,156,194,232,stand
539,212,68,218,62,200,160,190,234,stand
540,208,68,212,66,196,158,194,234,stand
541,214,66,214,62,198,158,190,232,stand
542,210,64,210,62,202,154,194,234,stand
543,208,68,212,64,206,158,190,234,stand
544,208,64,208,62,194,158,190,234,stand
545,216,64,216,60,210,156,190,234,stand
546,194,80,190,80,228,174,176,238,stand
547,210,66,214,64,200,156,192,232,stand
548,212,64,212,62,198,158,192,232,stand
549,218,62,216,62,202,156,194,234,stand
550,210,64,210,62,200,158,194,234,stand
551,210,66,214,62,206,158,192,234,stand
552,212,64,214,60,200,154,194,232,stand
553,214,68,220,66,198,156,192,234,stand
554,210,68,214,64,198,160,192,236,stand
555,214,66,212,64,196,156,192,234,stand
556,206,62,208,58,210,158,198,234,stand
557,208,64,208,62,194,158,192,232,stand
558,212,62,214,60,202,154,190,234,stand
559,212,62,210,60,202,156,192,230,stand
560,212,62,208,62,202,156,194,234,stand
561,208,62,208,62,198,156,186,234,stand
562,192,90,186,90,230,182,172,238,stand
563,212,64,208,62,194,158,194,236,stand
564,204,66,204,64,190,158,190,234,stand
565,204,62,208,58,210,158,196,234,stand
566,214,62,210,62,200,154,190,234,stand
567,210,64,208,62,196,156,190,232,stand
568,210,68,212,64,204,160,192,234,stand
569,206,66,210,64,196,158,190,234,stand
570,212,62,214,60,206,160,194,234,stand
571,208,68,214,64,196,158,188,234,stand
572,212,66,216,62,202,158,190,234,stand
573,216,66,218,64,198,156,190,232,stand
574,206,68,210,66,196,158,194,236,stand
575,206,64,208,60,196,156,190,232,stand
576,190,118,182,120,238,204,168,242,stand
577,208,62,206,60,210,158,188,234,stand
578,208,64,206,62,194,158,190,230,stand
579,208,70,216,64,204,158,194,236,stand
580,212,66,214,62,202,158,190,234,stand
581,190,106,184,108,234,196,168,240,stand
582,214,62,212,62,200,156,190,234,stand
583,210,64,212,62,196,158,188,236,stand
584,210,62,206,60,198,154,192,234,stand
585,210,62,208,62,198,154,194,236,stand
586,210,64,208,62,202,158,186,230,stand
587,200,64,204,60,198,158,188,232,stand
588,216,64,212,62,194,158,186,232,stand
589,212,60,214,56,212,156,194,232,stand
590,208,62,208,62,198,156,188,234,stand
591,210,60,210,58,206,154,194,232,stand
592,208,64,208,60,200,156,190,232,stand
593,204,64,208,62,196,158,190,234,stand
594,208,62,208,62,196,156,188,234,stand
595,218,64,214,62,200,154,192,234,stand
596,216,64,212,62,194,160,188,234,stand
597,206,62,208,58,208,158,194,232,stand
598,206,64,204,62,194,156,192,232,stand
599,210,66,214,62,206,158,192,234,stand
600,208,62,208,62,194,154,190,232,stand
601,208,64,212,62,202,156,194,232,stand
602,206,68,214,64,200,160,186,234,stand
603,214,64,214,62,202,156,192,232,stand
604,210,68,214,64,198,160,192,234,stand
605,208,66,212,62,202,158,192,230,stand
606,214,64,210,62,196,158,192,232,stand
607,206,64,208,62,202,158,188,232,stand
608,210,64,208,62,194,158,194,236,stand
609,214,60,212,60,204,158,194,236,stand
610,210,68,212,64,204,158,192,234,stand
611,212,62,212,60,208,160,194,234,stand
612,216,66,214,64,198,154,190,234,stand
613,212,64,210,62,194,158,194,234,stand
614,210,70,220,64,200,158,188,232,stand
615,208,64,210,62,198,156,190,232,stand
616,212,64,210,62,202,158,194,234,stand
617,206,64,208,62,202,156,188,232,stand
618,214,66,212,62,196,158,192,234,stand
619,208,66,210,62,196,156,192,232,stand
620,212,62,212,60,206,158,194,234,stand
621,216,66,214,66,196,154,188,232,stand
622,206,56,202,56,198,154,192,230,stand
623,204,64,206,62,196,158,188,234,stand
624,210,60,210,60,202,156,194,234,stand
625,208,62,206,60,208,158,194,234,stand
626,216,62,214,62,200,156,190,234,stand
627,212,64,208,62,194,156,192,234,stand
628,216,60,216,58,206,156,198,234,stand
629,216,66,212,64,196,156,192,234,stand
630,214,66,218,64,202,156,194,234,stand
631,212,62,210,62,204,156,194,234,stand
632,210,62,208,62,194,154,192,234,stand
633,216,62,218,60,208,156,192,232,stand
634,210,66,212,62,202,158,190,232,stand
635,210,64,210,62,196,158,190,234,stand
636,214,66,220,66,200,156,192,236,stand
637,212,66,212,64,200,158,190,234,stand
638,210,68,214,64,200,156,192,232,stand
639,210,58,208,58,206,156,194,234,stand
640,210,62,208,60,200,156,194,232,stand
641,206,70,216,64,206,158,194,236,stand
642,216,66,214,64,196,154,190,232,stand
643,218,62,214,60,204,156,192,234,stand
644,204,64,206,60,200,156,192,232,stand
645,214,64,212,62,198,158,192,232,stand
646,210,62,208,62,200,158,194,236,stand
647,210,62,204,62,196,156,192,236,stand
648,206,64,208,62,202,158,188,232,stand
649,216,62,214,60,204,158,194,234,stand
650,210,64,210,62,194,158,190,234,stand
651,210,64,210,60,204,156,198,234,stand
652,210,64,210,62,202,158,194,232,stand
653,210,66,214,62,200,158,192,234,stand
654,202,64,204,60,198,156,188,232,stand
655,210,62,206,60,198,154,192,234,stand
656,212,68,220,62,200,158,190,232,stand
657,214,60,214,60,202,154,192,234,stand
658,214,66,216,62,204,158,190,234,stand
659,214,64,218,60,206,156,196,234,stand
660,212,66,214,62,198,158,190,232,stand
661,214,64,216,62,200,156,194,232,stand
662,206,62,206,62,198,158,192,234,stand
663,206,64,210,62,198,158,190,232,stand
664,212,64,208,62,194,158,194,236,stand
665,214,66,214,62,198,158,190,232,stand
666,214,64,218,60,206,156,196,234,stand
667,216,68,220,66,196,156,192,236,stand
668,212,64,212,62,198,158,194,236,stand
669,214,60,212,60,202,156,190,234,stand
670,210,64,210,62,200,156,190,232,stand
671,210,62,208,60,200,154,190,234,stand
672,206,64,210,62,200,158,190,232,stand
673,208,68,212,64,204,160,190,234,stand
674,216,62,218,60,206,156,194,234,stand
675,212,62,212,60,202,154,192,234,stand
676,210,68,212,64,196,154,190,234,stand
677,204,62,206,60,200,156,194,234,stand
678,212,62,210,60,204,156,194,234,stand
679,210,62,204,60,196,158,192,234,stand
680,204,64,204,64,190,158,192,234,stand
681,210,64,208,62,196,156,190,234,stand
682,214,62,214,60,206,158,194,234,stand
683,212,68,218,64,200,160,190,232,stand
684,210,62,208,60,202,156,194,232,stand
685,212,64,212,62,196,154,192,234,stand
686,214,64,216,62,204,158,190,234,stand
687,216,64,214,62,200,156,192,232,stand
688,210,64,210,62,202,158,194,234,stand
689,216,66,214,64,196,156,190,234,stand
690,200,64,202,60,200,158,188,232,stand
691,206,64,208,60,200,158,188,232,stand
692,210,66,210,62,194,154,192,232,stand
693,208,64,208,62,194,156,190,232,stand
694,210,68,214,64,200,156,192,232,stand
695,206,64,206,60,196,156,192,230,stand
696,206,64,204,60,200,158,192,232,stand
697,216,64,214,62,200,154,192,234,stand
698,214,60,212,60,206,158,196,236,stand
699,208,62,208,60,206,158,194,234,stand
700,210,58,208,56,206,156,194,232,stand
701,216,58,214,56,210,156,196,232,stand
702,206,66,210,62,196,158,190,234,stand
703,216,64,214,62,202,158,192,234,stand
704,212,64,212,62,196,156,190,232,stand
705,202,62,206,58,204,158,186,234,stand
706,206,64,206,60,200,156,192,232,stand
707,208,64,208,60,198,158,190,234,stand
708,208,68,212,64,194,158,188,234,stand
709,212,66,212,62,198,158,194,234,stand
710,208,60,208,56,204,156,192,230,stand
711,206,62,208,60,200,158,188,232,stand
712,208,62,210,58,202,154,192,230,stand
713,212,62,210,62,200,156,192,234,stand
714,212,62,210,60,202,156,190,234,stand
715,204,62,206,62,196,158,188,234,stand
716,206,64,210,62,198,158,190,234,stand
717,214,68,220,66,198,156,192,234,stand
718,210,62,208,60,204,156,194,234,stand
719,214,66,212,64,196,156,194,234,stand
720,210,62,212,60,202,156,192,230,stand
721,214,66,218,62,200,160,190,234,stand
722,208,64,206,62,194,156,190,230,stand
723,210,64,210,62,194,158,190,234,stand
724,212,66,214,62,200,156,190,230,stand
725,208,62,210,62,200,154,188,232,stand
726,212,62,210,60,204,156,194,234,stand
727,210,64,208,60,202,156,194,232,stand
728,196,72,192,70,224,170,180,236,stand
729,206,62,208,58,208,158,196,234,stand
730,210,66,216,62,204,156,190,230,stand
731,210,62,208,60,208,156,192,234,stand
732,214,64,212,64,196,154,192,234,stand
733,214,60,212,58,204,156,194,234,stand
734,214,68,216,66,198,156,188,232,stand
735,210,70,220,64,202,158,188,232,stand
736,204,64,208,62,196,158,190,234,stand
737,204,66,204,62,192,158,192,232,stand
738,206,60,206,58,210,156,198,234,stand
739,210,64,210,62,202,156,192,234,stand
740,188,112,182,114,236,200,168,242,stand
741,212,64,208,62,194,158,194,236,stand
742,216,62,218,58,206,158,198,234,stand
743,208,60,210,56,202,154,192,230,stand
744,216,62,216,60,204,156,192,232,stand
745,210,62,208,62,202,158,194,234,stand
746,202,62,200,62,194,156,192,228,stand
747,208,66,210,62,204,158,192,230,stand
748,192,100,184,104,234,192,170,240,stand
749,212,66,214,64,198,158,188,232,stand
750,216,62,212,62,200,156,190,234,stand
751,212,62,212,62,196,154,192,232,stand
752,212,64,212,62,198,158,194,236,stand
753,208,66,210,64,196,156,190,234,stand
754,216,66,220,66,198,154,192,234,stand
755,210,64,214,62,198,156,188,236,stand
756,216,66,214,64,196,156,190,234,stand
757,192,86,186,86,228,178,174,238,stand
758,210,62,208,60,200,156,194,232,stand
759,214,66,212,62,196,158,192,234,stand
760,212,64,210,62,194,158,194,236,stand
761,216,66,212,64,196,154,190,234,stand
762,210,62,208,60,206,158,188,232,stand
763,214,60,210,60,202,158,192,234,stand
764,206,64,208,62,196,156,190,234,stand
765,208,62,206,60,202,158,186,234,stand
766,208,62,208,60,198,156,188,232,stand
767,208,62,208,62,194,154,190,232,stand
768,216,66,214,64,196,154,190,230,stand
769,210,64,208,62,194,156,192,234,stand
770,216,64,216,62,202,156,194,234,stand
771,212,62,212,60,202,156,192,234,stand
772,210,68,214,64,198,158,192,234,stand
773,204,64,206,62,196,158,188,232,stand
774,210,68,212,64,204,160,192,234,stand
775,210,64,210,62,200,156,196,236,stand
776,210,64,208,62,202,160,190,236,stand
777,214,62,212,60,200,156,192,234,stand
778,208,68,214,64,196,158,188,234,stand
779,204,64,204,62,192,160,192,234,stand
780,218,64,216,62,200,156,192,232,stand
781,212,64,208,62,202,158,194,234,stand
782,212,62,206,60,196,156,188,232,stand
783,208,62,208,60,200,156,190,232,stand
784,208,62,208,60,200,158,188,234,stand
785,214,60,212,60,204,158,196,236,stand
786,212,66,216,64,200,154,192,234,stand
787,212,64,212,62,198,158,194,236,stand
788,210,62,206,60,196,158,186,234,stand
789,210,62,208,60,200,154,190,234,stand
790,206,68,212,66,196,158,194,234,stand
791,206,62,204,60,198,158,192,234,stand
792,216,68,220,66,196,156,192,236,stand
793,208,62,206,60,206,156,196,234,stand
794,216,66,220,64,198,156,192,234,stand
795,218,66,214,64,194,160,188,232,stand
796,204,64,204,62,192,158,188,234,stand
797,204,64,200,62,214,160,186,232,stand
798,214,68,220,66,200,154,192,234,stand
799,218,64,214,62,200,154,192,232,stand
800,212,64,206,62,194,156,194,236,stand
801,218,66,216,64,194,160,188,234,stand
802,210,70,220,64,202,156,192,236,stand
803,210,60,210,58,206,154,194,232,stand
804,208,64,212,60,202,158,192,234,stand
805,204,64,204,62,192,158,188,234,stand
806,212,64,214,62,204,158,188,234,stand
807,216,64,216,60,204,156,192,232,stand
808,212,64,212,62,196,156,190,232,stand
809,212,64,208,62,194,158,190,234,stand
810,202,64,200,62,216,162,186,234,stand
811,214,62,212,60,200,156,192,234,stand
812,210,62,210,60,206,158,192,234,stand
813,212,60,212,60,204,156,190,234,stand
814,210,64,210,60,198,154,190,232,stand
815,210,64,208,62,194,156,192,234,stand
816,208,62,206,60,206,156,194,232,stand
817,214,66,214,64,198,156,190,232,stand
818,206,62,208,62,196,158,188,234,stand
819,208,68,214,62,204,158,190,234,stand
820,210,70,218,64,202,156,188,232,stand
821,206,62,206,58,206,156,196,232,stand
822,204,64,202,62,190,158,192,232,stand
823,210,64,208,60,200,158,192,234,stand
824,212,60,208,62,194,154,192,234,stand
825,212,62,212,60,206,158,194,234,stand
826,206,70,216,64,206,158,194,236,stand
827,190,96,184,96,232,188,170,240,stand
828,212,62,210,60,200,154,192,234,stand
829,204,66,202,62,190,158,192,232,stand
830,208,64,210,64,198,158,190,234,stand
831,210,62,214,60,202,156,192,232,stand
832,208,66,210,62,196,158,186,236,stand
833,218,64,218,62,202,156,194,232,stand
834,210,62,204,60,196,158,192,234,stand
835,210,64,208,62,194,158,194,236,stand
836,208,68,214,64,196,158,188,234,stand
837,188,140,178,144,242,224,168,242,stand
838,210,64,212,62,196,158,188,236,stand
839,216,66,220,64,198,154,192,234,stand
840,206,64,208,62,196,156,190,234,stand
841,204,64,208,62,196,156,190,234,stand
842,210,64,210,62,200,158,194,234,stand
843,210,64,212,60,202,156,194,234,stand
844,210,60,206,60,202,160,184,234,stand
845,212,66,212,64,196,154,190,232,stand
846,212,62,210,60,202,154,194,234,stand
847,212,66,210,62,200,158,190,234,stand
848,214,62,214,60,206,158,194,234,stand
849,206,64,204,62,192,158,190,234,stand
850,206,70,214,64,208,160,192,234,stand
851,214,60,212,60,204,158,196,236,stand
852,216,66,212,64,196,156,192,234,stand
853,206,60,204,58,200,158,192,232,stand
854,212,60,212,60,202,152,192,234,stand
855,210,62,208,60,194,154,192,232,stand
856,210,64,210,62,194,158,190,234,stand
857,206,64,206,62,192,158,190,234,stand
858,190,96,184,96,232,188,170,240,stand
859,210,62,208,60,202,158,194,234,stand
860,208,68,212,64,196,158,190,234,stand
861,204,64,204,62,192,158,192,236,stand
862,204,66,202,62,190,158,192,232,stand
863,212,64,212,62,198,158,194,236,stand
864,206,64,206,60,198,160,192,234,stand
865,210,64,212,62,194,158,190,234,stand
866,206,62,204,60,196,156,192,234,stand
867,204,64,206,62,194,158,188,234,stand
868,208,64,210,62,196,156,186,234,stand
869,214,66,214,64,198,156,190,230,stand
870,210,66,212,62,196,158,190,234,stand
871,208,62,208,62,196,156,190,232,stand
872,212,62,208,62,194,154,192,234,stand
873,210,66,212,64,194,158,188,234,stand
874,208,64,210,62,200,156,192,232,stand
875,212,62,210,60,200,156,194,234,stand
876,208,62,206,62,196,162,192,236,stand
877,204,60,206,58,198,154,192,232,stand
878,212,64,212,62,200,158,190,230,stand
879,208,64,208,62,196,156,194,236,stand
880,210,64,210,60,202,156,194,234,stand
881,208,66,210,62,210,158,190,234,stand
882,214,60,214,58,208,156,196,232,stand
883,204,64,204,62,194,156,192,232,stand
884,216,60,216,58,206,156,198,236,stand
885,214,62,218,58,208,158,198,234,stand
886,208,62,210,60,200,162,192,234,stand
887,208,66,212,64,196,158,186,236,stand
888,208,64,210,60,194,156,190,230,stand
889,210,62,208,62,196,156,194,236,stand
890,208,68,214,64,196,158,188,236,stand
891,206,58,204,56,198,152,192,230,stand
892,214,66,218,64,200,158,194,234,stand
893,216,62,214,60,206,158,194,234,stand
894,206,64,208,62,196,158,190,234,stand
895,204,64,204,62,192,158,188,234,stand
896,208,64,208,60,196,162,192,236,stand
897,210,62,208,60,200,156,194,232,stand
898,210,64,208,62,196,156,190,234,stand
899,214,64,214,62,198,156,194,236,stand
900,210,64,210,62,202,154,194,234,stand
901,210,64,210,62,196,156,190,234,stand
902,208,66,212,62,200,158,192,232,stand
903,210,64,212,62,200,156,194,234,stand
904,206,64,202,62,190,158,192,232,stand
905,208,68,212,64,196,158,190,234,stand
906,210,64,208,60,202,156,194,232,stand
907,214,62,216,60,208,156,198,236,stand
908,214,64,218,60,202,158,194,234,stand
909,212,62,210,60,202,154,192,234,stand
910,210,62,208,60,204,156,196,232,stand
911,208,66,212,62,202,158,192,230,stand
912,212,64,212,62,198,158,194,236,stand
913,218,66,220,66,196,156,192,234,stand
914,208,62,206,60,196,162,190,236,stand
915,206,62,210,60,204,154,194,234,stand
916,212,62,214,62,202,156,192,232,stand
917,210,64,210,62,202,158,192,232,stand
918,208,66,212,60,210,158,192,234,stand
919,210,64,208,62,198,156,190,232,stand
920,210,64,210,62,202,156,198,234,stand
921,210,62,206,62,196,156,194,236,stand
922,212,64,210,62,198,158,192,232,stand
923,210,68,212,64,200,160,192,234,stand
924,216,68,214,66,196,154,188,232,stand
925,218,66,214,64,192,160,188,232,stand
926,212,64,208,62,202,158,194,234,stand
927,208,66,210,64,196,156,190,234,stand
928,216,64,214,62,202,158,192,234,stand
929,218,66,216,64,194,160,188,232,stand
930,208,64,212,60,202,156,192,232,stand
931,210,64,210,62,194,156,190,234,stand
932,214,60,210,60,202,158,192,234,stand
933,214,66,214,62,198,156,190,232,stand
934,210,62,212,60,204,156,194,234,stand
935,212,64,212,62,198,156,194,236,stand
936,210,64,210,62,200,156,192,234,stand
937,212,64,212,62,200,158,194,234,stand
938,216,62,214,60,202,158,194,234,stand
939,206,70,214,66,196,160,194,234,stand
940,214,64,214,62,200,156,192,232,stand
941,218,66,214,64,194,160,188,232,stand
942,216,66,220,64,200,156,194,234,stand
943,216,62,214,60,202,156,192,232,stand
944,208,60,206,60,204,156,194,232,stand
945,206,66,210,64,198,158,190,232,stand
946,218,64,216,62,200,154,192,232,stand
947,210,62,206,60,196,158,186,234,stand
948,212,64,210,62,202,158,194,234,stand
949,206,64,204,62,192,158,190,234,stand
950,212,62,206,60,196,156,188,232,stand
951,212,62,214,60,206,160,194,234,stand
952,210,60,208,60,200,156,194,232,stand
953,210,70,220,64,202,158,188,232,stand
954,214,64,214,62,200,156,192,234,stand
955,210,70,220,64,202,158,188,232,stand
956,210,60,206,58,202,156,194,232,stand
957,214,66,212,64,196,158,194,234,stand
958,194,138,190,142,246,226,170,240,sit
959,190,150,182,152,244,236,170,242,sit
960,194,148,188,152,246,236,172,242,sit
961,196,146,194,148,246,230,172,242,sit
962,188,154,186,156,244,238,172,242,sit
963,190,156,184,158,250,236,176,240,sit
964,186,146,184,148,246,228,168,242,sit
965,196,148,190,150,244,234,170,244,sit
966,190,146,182,148,244,234,168,244,sit
967,186,148,178,150,242,234,166,244,sit
968,188,154,184,156,244,236,170,242,sit
969,190,154,182,156,250,236,176,240,sit
970,188,146,182,150,244,232,168,244,sit
971,198,146,190,150,244,234,168,244,sit
972,184,152,178,154,246,238,174,240,sit
973,190,148,184,150,250,228,176,240,sit
974,190,146,182,148,244,234,168,244,sit
975,190,146,184,148,246,230,168,242,sit
976,188,150,182,152,244,236,170,244,sit
977,190,148,186,154,242,234,168,244,sit
978,188,158,184,158,244,242,172,242,sit
979,186,152,182,154,240,236,166,244,sit
980,188,150,184,152,244,234,170,240,sit
981,186,146,180,150,244,230,168,244,sit
982,184,152,178,156,244,238,166,244,sit
983,190,144,184,150,246,230,172,242,sit
984,190,154,184,156,242,240,168,244,sit
985,188,148,184,152,242,234,168,244,sit
986,192,146,184,148,244,232,170,242,sit
987,190,148,184,150,246,234,172,242,sit
988,186,146,178,150,242,232,166,244,sit
989,190,148,186,150,244,232,170,242,sit
990,190,146,184,150,244,230,168,242,sit
991,184,158,182,160,248,240,176,240,sit
992,184,152,182,154,244,232,170,242,sit
993,186,146,180,150,244,232,168,244,sit
994,196,144,188,146,244,230,168,242,sit
995,190,154,184,158,250,236,176,240,sit
996,188,150,184,154,244,234,170,242,sit
997,190,148,184,150,252,228,174,240,sit
998,186,146,184,148,246,228,168,242,sit
999,196,144,190,146,244,230,170,242,sit
1000,188,146,182,150,244,232,168,244,sit
1001,192,150,186,152,250,232,176,240,sit
1002,194,140,184,142,244,232,166,244,sit
1003,188,154,186,156,246,236,174,242,sit
1004,194,146,192,148,246,230,172,242,sit
1005,184,154,184,158,246,236,174,242,sit
1006,188,148,184,148,244,232,170,240,sit
1007,196,144,194,146,246,228,172,242,sit
1008,194,148,188,152,242,236,168,244,sit
1009,190,154,184,156,244,242,168,242,sit
1010,194,148,188,150,244,234,168,244,sit
1011,196,144,190,150,246,234,170,242,sit
1012,186,154,180,156,242,238,170,244,sit
1013,186,150,180,152,244,232,168,242,sit
1014,184,160,184,162,248,242,176,240,sit
1015,198,136,194,138,246,224,168,242,sit
1016,190,150,182,152,246,236,172,242,sit
1017,192,146,184,148,244,234,166,244,sit
1018,190,148,184,150,250,228,176,240,sit
1019,190,154,184,156,246,238,172,242,sit
1020,192,150,186,154,244,236,170,244,sit
1021,186,152,182,156,246,234,172,242,sit
1022,190,154,184,158,244,240,168,244,sit
1023,188,150,184,152,248,236,174,240,sit
1024,186,154,182,154,240,238,166,244,sit
1025,192,150,186,156,246,236,172,242,sit
1026,188,152,180,156,244,238,168,244,sit
1027,184,148,178,152,242,236,166,244,sit
1028,186,144,180,146,242,230,166,244,sit
1029,190,150,184,152,244,236,170,242,sit
1030,196,138,194,142,246,226,170,242,sit
1031,196,146,190,152,246,236,172,242,sit
1032,184,148,180,150,240,232,166,246,sit
1033,192,150,186,152,246,236,170,242,sit
1034,186,152,180,154,246,234,168,242,sit
1035,196,144,188,150,244,232,170,242,sit
1036,184,156,178,156,242,242,168,244,sit
1037,190,150,182,152,244,236,170,242,sit
1038,190,150,186,154,246,234,172,242,sit
1039,186,146,180,148,242,228,168,244,sit
1040,190,152,186,154,246,234,170,242,sit
1041,184,156,180,158,242,244,168,244,sit
1042,190,150,186,158,246,238,172,240,sit
1043,186,152,182,154,240,236,166,244,sit
1044,190,146,184,148,246,232,168,244,sit
1045,188,150,184,154,244,234,170,242,sit
1046,184,152,180,152,242,238,168,244,sit
1047,192,148,186,152,244,234,170,244,sit
1048,188,154,180,156,244,238,168,244,sit
1049,196,144,188,148,244,230,168,242,sit
1050,190,148,182,150,246,234,170,242,sit
1051,184,152,180,156,240,238,166,246,sit
1052,190,156,184,158,244,242,168,244,sit
1053,190,154,184,156,244,238,170,242,sit
1054,188,152,180,154,246,236,168,244,sit
1055,186,146,180,150,244,230,168,242,sit
1056,196,148,190,152,244,234,170,242,sit
1057,192,148,188,148,244,234,168,244,sit
1058,186,158,184,162,248,242,174,240,sit
1059,188,154,184,156,244,236,170,242,sit
1060,186,154,182,156,248,240,176,240,sit
1061,190,152,184,156,244,238,170,242,sit
1062,194,146,188,146,244,230,168,244,sit
1063,188,150,184,152,244,234,170,240,sit
1064,186,150,182,154,244,232,170,242,sit
1065,186,148,178,150,242,234,168,244,sit
1066,188,154,180,156,244,238,170,244,sit
1067,192,152,184,158,244,238,170,244,sit
1068,184,152,178,154,246,238,174,240,sit
1069,194,148,188,152,244,236,168,244,sit
1070,192,146,184,148,244,232,170,242,sit
1071,188,154,188,158,246,236,174,242,sit
1072,190,150,184,152,246,236,172,242,sit
1073,190,146,186,150,246,230,172,240,sit
1074,194,144,192,146,246,228,170,242,sit
1075,188,148,186,148,248,230,174,240,sit
1076,190,150,184,154,246,234,170,244,sit
1077,190,146,182,148,244,234,170,244,sit
1078,194,146,192,148,246,230,172,242,sit
1079,190,148,184,152,244,230,168,244,sit
1080,190,152,184,156,242,238,168,244,sit
1081,188,146,184,150,246,230,170,242,sit
1082,188,154,184,158,242,236,170,242,sit
1083,188,152,184,154,244,238,168,244,sit
1084,188,148,182,150,244,234,168,244,sit
1085,188,152,188,154,246,234,172,242,sit
1086,190,154,184,156,246,238,172,242,sit
1087,188,156,184,156,244,240,170,242,sit
1088,190,152,184,158,246,238,172,242,sit
1089,190,154,184,158,244,240,170,242,sit
1090,184,144,180,144,238,230,166,244,sit
1091,190,146,184,148,246,232,168,242,sit
1092,190,154,186,154,246,236,170,242,sit
1093,184,154,178,156,242,240,168,244,sit
1094,188,158,184,158,244,242,172,242,sit
1095,192,150,186,154,244,236,170,244,sit
1096,188,150,184,154,244,234,170,242,sit
1097,192,148,184,150,246,234,170,242,sit
1098,188,142,182,146,244,226,168,244,sit
1099,194,152,188,154,244,238,168,244,sit
1100,194,148,190,150,246,236,170,242,sit
1101,186,148,180,150,242,234,166,244,sit
1102,190,154,184,156,244,240,168,244,sit
1103,184,158,182,160,246,240,174,240,sit
1104,194,152,188,154,244,238,168,244,sit
1105,190,156,184,158,242,242,168,244,sit
1106,188,150,184,152,248,236,174,240,sit
1107,186,158,182,158,248,242,176,240,sit
1108,190,154,184,158,244,240,168,244,sit
1109,188,144,186,144,246,226,174,240,sit
1110,188,146,186,148,248,228,174,240,sit
1111,194,146,188,150,246,232,168,244,sit
1112,186,148,178,150,242,232,168,244,sit
1113,192,144,188,148,246,230,172,240,sit
1114,196,146,192,148,246,232,170,242,sit
1115,184,156,180,156,248,240,174,240,sit
1116,184,146,178,148,242,232,166,244,sit
1117,190,150,184,152,250,232,176,240,sit
1118,186,152,182,156,246,234,172,242,sit
1119,190,148,182,152,242,236,168,244,sit
1120,190,154,186,158,246,236,174,240,sit
1121,194,152,188,154,244,238,168,244,sit
1122,192,150,184,152,244,240,168,244,sit
1123,192,148,186,152,246,232,170,242,sit
1124,186,150,182,152,244,236,168,244,sit
1125,188,148,182,150,244,234,170,242,sit
1126,194,140,186,144,242,228,168,244,sit
1127,190,148,184,152,244,236,168,244,sit
1128,186,154,180,156,242,238,170,244,sit
1129,188,154,184,158,244,236,170,242,sit
1130,188,148,186,148,246,230,174,240,sit
1131,188,148,180,152,246,234,168,244,sit
1132,184,156,180,156,242,240,166,244,sit
1133,184,152,180,154,240,240,168,244,sit
1134,190,152,186,158,246,238,172,242,sit
1135,184,154,184,156,244,234,170,242,sit
1136,186,144,180,148,244,226,168,242,sit
1137,190,146,184,148,246,232,168,244,sit
1138,190,144,184,150,242,232,168,242,sit
1139,184,146,180,148,242,232,166,244,sit
1140,188,152,180,156,244,236,168,244,sit
1141,184,152,182,154,244,232,170,242,sit
1142,184,152,180,154,246,234,168,242,sit
1143,190,150,184,152,246,236,172,242,sit
1144,186,154,184,156,244,236,172,242,sit
1145,184,146,180,148,240,228,164,246,sit
1146,186,148,178,150,242,234,168,244,sit
1147,184,150,180,150,240,236,166,244,sit
1148,186,154,184,156,246,236,170,242,sit
1149,192,146,184,150,244,232,168,244,sit
1150,188,152,184,154,244,238,168,244,sit
1151,186,148,178,148,244,232,168,244,sit
1152,184,144,178,148,246,230,172,240,sit
1153,188,152,182,152,242,238,170,242,sit
1154,190,156,184,158,244,244,168,244,sit
1155,192,146,188,150,246,232,172,242,sit
1156,192,144,184,144,246,228,170,242,sit
1157,188,148,184,148,248,230,174,240,sit
1158,186,140,180,144,242,228,166,244,sit
1159,190,150,184,154,246,234,170,244,sit
1160,188,150,184,156,244,236,170,242,sit
1161,188,154,186,156,246,238,172,242,sit
1162,188,154,180,156,244,238,168,244,sit
1163,184,146,180,148,242,230,166,244,sit
1164,196,146,188,150,244,234,172,242,sit
1165,190,148,182,152,244,234,170,242,sit
1166,194,148,190,150,246,236,170,242,sit
1167,186,148,180,152,246,232,168,242,sit
1168,188,154,180,156,244,238,170,244,sit
1169,190,150,186,154,246,234,172,242,sit
1170,188,146,182,148,244,230,168,244,sit
1171,184,150,180,150,240,236,166,244,sit
1172,186,150,184,152,250,234,174,240,sit
1173,196,146,190,152,246,236,172,242,sit
1174,190,154,186,158,246,240,170,242,sit
1175,186,154,184,158,250,236,176,240,sit
1176,190,138,188,140,246,224,172,240,sit
1177,188,154,186,156,246,238,172,242,sit
1178,190,152,188,156,246,234,174,242,sit
1179,190,148,188,150,246,232,172,242,sit
1180,190,156,184,158,250,238,176,240,sit
1181,188,150,184,152,244,236,170,244,sit
1182,188,146,188,148,248,228,174,240,sit
1183,188,146,182,148,248,232,168,244,sit
1184,190,154,184,156,246,238,172,242,sit
1185,190,156,184,158,244,240,172,242,sit
1186,192,146,186,152,248,232,172,242,sit
1187,188,156,184,158,244,238,170,242,sit
1188,190,148,182,150,244,232,170,242,sit
1189,190,152,186,158,246,238,172,242,sit
1190,184,148,180,150,242,234,166,244,sit
1191,186,152,180,154,240,234,166,246,sit
1192,188,146,186,148,248,228,174,240,sit
1193,190,152,186,156,246,236,170,242,sit
1194,188,150,178,154,244,234,166,244,sit
1195,190,152,184,156,242,238,168,244,sit
1196,190,148,186,154,246,234,172,242,sit
1197,186,150,182,154,246,234,170,242,sit
1198,190,154,184,156,250,234,176,240,sit
1199,192,148,184,150,246,234,170,242,sit
1200,190,156,184,158,250,236,176,240,sit
1201,188,152,184,154,244,236,168,244,sit
1202,184,148,178,152,246,234,172,240,sit
1203,188,146,180,150,244,232,166,244,sit
1204,190,146,186,148,246,228,170,242,sit
1205,196,146,190,152,246,236,172,242,sit
1206,184,156,180,156,242,242,168,244,sit
1207,188,156,184,156,244,240,170,242,sit
1208,184,148,178,148,242,234,168,244,sit
1209,188,146,184,148,248,228,174,240,sit
1210,188,152,184,154,244,236,168,244,sit
1211,184,152,180,154,242,236,166,244,sit
1212,190,152,184,156,246,236,170,242,sit
1213,184,154,178,156,242,240,168,244,sit
1214,190,142,186,144,246,228,168,244,sit
1215,188,154,188,158,246,236,174,242,sit
1216,186,148,182,150,244,232,168,244,sit
1217,192,134,186,136,244,226,166,244,sit
1218,184,152,180,152,242,238,168,244,sit
1219,192,150,186,152,246,236,170,242,sit
1220,188,150,184,154,244,234,170,242,sit
1221,190,156,184,158,244,244,168,244,sit
1222,184,154,182,156,244,234,170,242,sit
1223,184,154,178,156,242,240,166,244,sit
1224,184,158,182,160,248,240,176,240,sit
1225,186,156,182,158,250,242,176,240,sit
1226,186,152,180,154,246,234,168,242,sit
1227,188,142,186,144,246,226,172,240,sit
